真实,预测1,预测2,预测3,预测4,预测5,预测6,预测7,预测8,MSE,MAPE
3462.08,3462.080999999999,3488.3274999999994,3470.8934,3435.7854000000007,3429.686,3437.8263999999995,3438.8248,3444.4905,43662.8040332814,5.853646255783702
